{
  "q1": [
    300.2361378669739,
    754.6966223716736,
    1382.9404184818268,
    2272.715531349182,
    3441.427179813385,
    4351.8370480537415,
    5903.923744440079,
    7482.398154973984,
    9102.819596767426,
    10961.857940912247
  ],
  "q2": [
    83.31550431251526,
    179.9142782688141,
    289.36030769348145,
    406.4414405822754,
    518.8610968589783,
    614.0549712181091,
    744.5901288986206,
    787.1183664798737,
    899.9373276233673,
    994.216314792633
  ],
  "q3": [
    81.11607599258423,
    174.96061944961548,
    283.90002965927124,
    403.06948351860046,
    527.264654636383,
    660.3729319572449,
    773.0106410980225,
    864.3619391918182,
    1018.3186981678009,
    1186.0758039951324
  ],
  "q4": [
    90.72262692451477,
    197.23236203193665,
    335.330685377121,
    488.7901906967163,
    680.9844350814819,
    866.362802028656,
    1061.3240876197815,
    1328.241917848587,
    1663.2974302768707,
    2054.71457862854
  ],
  "percentages": [
    10,
    20,
    30,
    40,
    50,
    60,
    70,
    80,
    90,
    100
  ],
  "partitioning": [
    34.10227990150452,
    77.96508574485779,
    124.49937319755554,
    176.62564301490784,
    238.8314414024353,
    295.7388741970062,
    342.75643396377563,
    388.3971927165985,
    448.38992857933044,
    535.1325237751007
  ]
}