{
  "q1": [
    1346.840891122818,
    5112.809574842453,
    11437.078320503235,
    20639.573439121246,
    32339.043025016785
  ],
  "q2": [
    56.205810546875,
    116.19053864479065,
    184.33002591133118,
    244.36756038665771,
    315.19642066955566,
    381.8603756427765,
    455.79776215553284,
    510.13082122802734,
    591.1401233673096,
    652.2845840454102
  ],
  "q3": [
    75.3676266670227,
    282.0907344818115,
    718.5996372699738,
    1518.4240593910217,
    2785.0382034778595,
    4434.117374181747,
    6623.423295259476,
    9230.485363721848,
    12529.004933357239,
    16696.065294742584
  ],
  "q4": [
    150.46967458724976,
    722.5079221725464,
    1780.8648512363434,
    3739.5820112228394,
    6305.719742536545,
    9828.89185833931,
    13012.063256263733,
    17310.761321544647,
    22384.739636421204,
    28729.08942770958
  ],
  "percentages": [
    10,
    20,
    30,
    40,
    50,
    60,
    70,
    80,
    90,
    100
  ]
}