{
  "q1": {
    "KD": [
      3014.574559688568,
      1310.2412135601044,
      1315.2855672836304,
      1369.9587528705597,
      2241.4220929145813,
      2479.3190879821777,
      2687.293996810913,
      4024.1657774448395
    ],
    "KM": [
      3095.236361503601,
      1430.4095523357391,
      1652.00825715065,
      1904.6750333309174,
      2527.927035331726,
      2553.9287691116333,
      3226.7460293769836,
      3293.0539729595184
    ]
  },
  "q2": {
    "KD": [
      1517.5575413703918,
      369.3085699081421,
      266.80767703056335,
      227.24119806289673,
      219.273175239563,
      213.3910071849823,
      204.856018781662,
      199.0703911781311
    ],
    "KM": [
      1482.0402319431305,
      340.0444095134735,
      253.52417373657227,
      220.40572309494019,
      221.94222474098206,
      213.94661569595337,
      206.18638134002686,
      199.14380955696106
    ]
  },
  "q3": {
    "KD": [
      1418.5984416007996,
      344.97424364089966,
      258.5909106731415,
      230.38719177246094,
      236.35854530334473,
      242.7060890197754,
      247.87240552902222,
      262.2362129688263
    ],
    "KM": [
      1384.5079123973846,
      327.60974764823914,
      261.8304953575134,
      244.52077388763428,
      292.72672176361084,
      291.6330785751343,
      345.91751623153687,
      347.05310440063477
    ]
  },
  "q4": {
    "KD": [
      1547.6867127418518,
      392.96681356430054,
      306.69180274009705,
      301.85951256752014,
      345.7070002555847,
      391.34466314315796,
      431.09982085227966,
      502.34125542640686
    ],
    "KM": [
      1507.0389268398285,
      382.94014525413513,
      356.0550801753998,
      383.2658929824829,
      557.8555202484131,
      563.964616060257,
      765.9158477783203,
      780.2295110225677
    ]
  },
  "p_sizes": [
    0.01,
    0.05,
    0.1,
    0.15,
    0.2,
    0.25,
    0.3,
    0.35,
    0.4,
    0.5
  ],
  "k_sizes": [
    101,
    21,
    11,
    7,
    6,
    5,
    4,
    3
  ],
  "partitioning_KD": [
    695.1569635868073,
    147.86729621887207,
    80.17862105369568,
    56.22142171859741,
    46.7986798286438,
    38.99724745750427,
    35.16313099861145,
    31.378993272781372
  ],
  "partitioning_KM": [
    244.06881380081177,
    56.57232069969177,
    34.97255611419678,
    22.135650873184204,
    18.452908754348755,
    17.062353372573853,
    14.388189315795898,
    11.606314420700073
  ],
  "loading": [
    27.238426446914673,
    28.66019058227539,
    28.616816997528076,
    28.177439212799072,
    28.206283807754517,
    28.320088863372803,
    28.428257942199707,
    28.1058189868927
  ]
}