{"q1": [], "q2": [36.10932183265686, 81.56048321723938, 137.6856074333191], "q2_chg": [43.60913109779358, 118.96600198745728, 222.8165099620819], "q3": [], "q4": [], "percentages": [10, 20, 30, 40, 50], "partitioning": [33.63381838798523, 76.41323757171631, 126.47769951820374]}