{
  "q1": [
    317.513343334198,
    881.2368524074554,
    1681.7832481861115,
    2736.786686897278,
    4004.9422359466553,
    5345.574940443039,
    7003.577494859695,
    9037.28531718254,
    11147.690082073212,
    13428.004638910294
  ],
  "q2": [
    76.9926209449768,
    163.8248805999756,
    262.5028417110443,
    366.46539783477783,
    445.30253767967224,
    512.9300534725189,
    612.3850784301758,
    752.8534972667694,
    858.7458312511444,
    783.4187576770782
  ],
  "q3": [
    74.84516191482544,
    163.3754587173462,
    270.39556074142456,
    403.0029230117798,
    525.609071969986,
    654.0461857318878,
    859.6968786716461,
    1125.6666269302368,
    1396.369190454483,
    1475.3254325389862
  ],
  "q4": [
    86.04604601860046,
    197.4915690422058,
    366.74476528167725,
    600.6944849491119,
    865.6020832061768,
    1199.957138299942,
    1699.2821605205536,
    2296.7617571353912,
    2959.3868017196655,
    3393.0768399238586
  ],
  "percentages": [
    10,
    20,
    30,
    40,
    50,
    60,
    70,
    80,
    90,
    100
  ],
  "partitioning": [
    21.835530996322632,
    44.13412570953369,
    65.05242204666138,
    83.66330242156982,
    115.04419660568237,
    126.06610918045044,
    146.00673937797546,
    172.2428059577942,
    192.39792895317078,
    214.75173544883728
  ]
}